Fecha,T-Max,T-Min,T-Mensual,HR-12Hrs,HR-18Hrs,HR-00Hrs,PP-TOTAL,PP-MAX 24Hrs,PM-Estacion,PM-Mar,IPC,Dias Laborales,Dias No Laborales
2012-01-01,30.1,14.0,22.1,67.0,34.0,46.0,0.0,0.0,953.8,1012.9,0.1,23,8
2012-02-01,31.0,14.4,22.7,62.0,30.0,41.0,0.0,0.0,953.0,1012.0,0.4,22,7
2012-03-01,30.7,12.5,21.6,76.0,27.0,43.0,0.0,0.0,952.7,1012.1,0.2,22,9
2012-04-01,23.7,9.4,16.5,86.0,41.0,59.0,9.6,8.4,955.3,1015.9,0.1,18,12
2012-05-01,20.3,7.7,14.0,89.0,49.0,73.0,33.9,22.4,955.5,1016.9,0.0,22,9
2012-06-01,17.4,5.9,11.6,92.0,54.0,79.0,69.5,23.5,956.7,1018.6,-0.3,18,12
2012-07-01,17.1,2.6,9.8,92.0,46.0,73.0,2.0,1.2,957.7,1020.2,0.0,22,9
2012-08-01,17.3,4.2,10.7,91.0,48.0,71.0,35.8,19.7,958.1,1020.1,0.2,22,9
2012-09-01,20.6,7.3,13.9,89.0,47.0,66.0,1.9,0.6,957.1,1018.2,0.8,19,11
2012-10-01,21.1,8.4,14.8,81.0,46.0,64.0,41.3,24.6,956.4,1017.1,0.6,21,10
2012-11-01,27.2,10.9,19.0,65.0,34.0,50.0,0.0,0.0,954.9,1014.5,-0.5,21,9
2012-12-01,28.4,11.8,20.1,61.0,31.0,43.0,21.5,21.5,953.9,1013.2,0.0,20,11
2013-01-01,29.6,14.3,22.0,74.0,40.0,54.0,0.0,0.0,953.0,1011.9,0.2,23,8
2013-02-01,30.7,13.9,22.3,67.0,31.0,42.0,0.0,0.0,953.2,1012.0,0.1,21,7
2013-03-01,28.2,10.5,19.3,76.0,29.0,43.0,0.0,0.0,954.2,1013.8,0.4,22,9
2013-04-01,24.2,7.9,16.1,89.0,36.0,57.0,0.0,0.0,955.4,1016.0,-0.5,20,10
2013-05-01,19.2,5.9,12.6,92.0,50.0,74.0,96.0,33.4,957.2,1018.7,0.0,21,10
2013-06-01,18.1,4.4,11.3,94.0,50.0,81.0,34.6,22.1,957.5,1019.3,0.6,19,11
2013-07-01,16.5,3.6,10.0,95.0,52.0,81.0,3.7,1.8,957.5,1019.6,0.3,23,8
2013-08-01,18.4,4.1,11.3,92.0,48.0,70.0,24.4,18.0,958.7,1020.5,0.2,21,10
2013-09-01,19.8,6.2,13.0,80.0,39.0,58.0,6.4,3.5,957.7,1019.0,0.5,20,10
2013-10-01,24.2,8.1,16.1,73.0,35.0,53.0,0.0,0.0,956.0,1016.3,0.1,22,9
2013-11-01,27.0,9.5,18.2,65.0,30.0,47.0,0.0,0.0,955.1,1014.9,0.4,20,10
2013-12-01,29.5,12.6,21.0,63.0,33.0,46.0,0.0,0.0,953.6,1012.5,0.6,21,10
2014-01-01,31.1,13.9,22.5,57.0,29.0,40.0,0.0,0.0,953.3,1012.0,0.2,22,9
2014-02-01,29.6,12.1,20.8,68.0,30.0,42.0,0.0,0.0,953.2,1012.3,0.5,20,8
2014-03-01,27.9,10.8,19.3,79.0,32.0,46.0,0.0,0.0,954.4,1014.1,0.8,22,9
2014-04-01,24.0,7.0,15.5,84.0,33.0,51.0,0.0,0.0,955.7,1016.4,0.6,21,9
2014-05-01,20.2,7.0,13.0,89.0,45.0,72.0,8.9,4.2,956.9,1018.1,0.3,20,11
2014-06-01,15.4,3.2,8.1,94.0,57.0,82.0,75.2,23.1,957.1,1019.4,0.1,20,10
2014-07-01,16.4,4.9,9.4,89.0,53.0,77.0,34.5,28.7,958.3,1020.3,0.2,23,8
2014-08-01,19.3,5.3,11.0,91.0,49.0,73.0,46.5,27.7,957.2,1018.8,0.3,21,10
2014-09-01,18.6,7.4,12.3,90.0,54.0,72.0,31.1,9.2,957.5,1018.8,0.8,21,9
2014-10-01,25.4,9.7,17.0,71.0,35.0,51.0,0.1,0.1,955.7,1015.7,1.0,22,9
2014-11-01,26.5,9.9,18.0,62.0,31.0,44.0,5.8,5.8,955.8,1015.6,0.0,21,9
2014-12-01,28.6,11.4,19.7,62.0,31.0,45.0,1.2,1.0,954.5,1013.7,-0.4,21,10
2015-01-01,31.4,13.8,22.3,64.0,31.0,42.0,0.0,0.0,953.2,1012.1,0.1,21,10
2015-02-01,30.0,13.4,21.4,69.0,32.0,43.0,2.5,2.5,953.7,1012.6,0.4,20,8
2015-03-01,30.3,12.9,21.0,80.0,31.0,46.0,7.4,4.4,953.9,1013.1,0.6,23,8
2015-04-01,26.7,9.3,17.0,87.0,33.0,54.0,0.0,0.0,954.5,1014.6,0.6,21,9
2015-05-01,21.6,6.2,12.6,88.0,40.0,65.0,2.0,1.7,956.4,1017.5,0.2,20,11
2015-06-01,19.8,3.2,10.1,81.0,35.0,59.0,0.0,0.0,957.4,1019.2,0.5,21,9
2015-07-01,16.8,4.4,9.5,85.0,49.0,73.0,37.1,17.1,957.9,1019.9,0.4,22,9
2015-08-01,18.2,7.2,11.6,87.0,55.0,71.0,111.4,42.1,956.0,1017.3,0.7,22,9
2015-09-01,20.6,8.0,13.5,85.0,44.0,62.0,23.7,11.1,956.6,1017.4,0.5,22,8
2015-10-01,21.1,8.3,14.1,80.0,44.0,61.0,27.7,9.0,956.5,1017.3,0.4,21,10
2015-11-01,25.1,10.5,17.3,69.0,36.0,53.0,4.5,4.5,955.0,1014.9,0.0,22,8
2015-12-01,29.7,12.3,20.7,61.0,29.0,42.0,0.0,0.0,953.1,1012.1,0.0,21,10
2016-01-01,29.4,14.5,21.7,71.0,39.0,49.0,10.2,10.2,954.1,1013.1,0.5,21,10
2016-02-01,31.1,13.5,22.0,74.0,31.0,42.0,0.0,0.0,952.8,1011.7,0.3,22,7
2016-03-01,28.2,11.8,19.3,86.0,38.0,54.0,0.0,0.0,954.6,1014.1,0.4,24,7
2016-04-01,21.1,9.7,14.4,89.0,54.0,73.0,109.0,50.0,955.7,1016.4,0.3,18,12
2016-05-01,19.4,9.1,13.2,92.0,57.0,83.0,20.5,12.5,956.5,1017.6,0.2,23,8
2016-06-01,17.3,4.1,9.3,95.0,54.0,84.0,38.4,20.4,958.4,1020.5,0.4,21,9
2016-07-01,16.6,5.1,9.7,94.0,55.0,81.0,50.2,23.2,957.7,1019.6,0.2,22,9
2016-08-01,19.9,5.6,11.7,90.0,46.0,68.0,0.0,0.0,958.6,1020.1,0.0,23,8
2016-09-01,24.0,6.6,14.4,84.0,34.0,55.0,0.4,0.4,957.3,1018.0,0.2,21,9
2016-10-01,23.8,9.0,16.0,71.0,36.0,52.0,16.2,12.4,956.4,1016.8,0.2,19,12
2016-11-01,28.8,11.0,19.6,59.0,29.0,40.0,0.0,0.0,955.0,1014.3,0.1,22,8
2016-12-01,29.1,12.3,20.3,63.0,33.0,46.0,23.6,18.7,954.4,1013.5,-0.2,21,10
2017-01-01,33.3,15.0,24.1,51.0,24.0,32.0,0.0,0.0,953.4,1011.7,0.5,23,8
2017-02-01,30.9,14.1,22.0,65.0,30.0,43.0,0.0,0.0,953.7,1012.6,0.2,21,7
2017-03-01,28.5,11.4,19.5,76.0,32.0,43.0,0.0,0.0,954.3,1013.8,0.4,23,8
2017-04-01,24.4,8.7,15.7,85.0,36.0,54.0,5.6,2.8,955.8,1016.2,0.2,17,13
2017-05-01,18.0,6.4,11.1,93.0,55.0,80.0,55.6,11.7,956.8,1018.3,0.1,23,8
2017-06-01,15.3,3.7,8.4,94.0,59.0,80.0,73.2,51.4,957.5,1019.7,-0.4,19,11
2017-07-01,16.6,3.4,8.9,94.0,53.0,80.0,30.7,17.4,958.8,1020.9,0.2,22,9
2017-08-01,16.7,4.7,9.7,93.0,54.0,77.0,50.3,14.4,958.8,1020.8,0.2,23,8
2017-09-01,19.8,6.4,12.3,84.0,47.0,64.0,27.2,19.1,958.3,1019.6,-0.2,19,11
2017-10-01,22.6,7.5,14.5,76.0,41.0,59.0,35.5,35.5,956.9,1017.5,0.6,20,11
2017-11-01,27.0,10.9,18.5,63.0,33.0,48.0,0.1,0.1,955.0,1014.6,0.1,22,8
2017-12-01,30.0,12.5,21.1,62.0,32.0,43.0,0.0,0.0,954.0,1013.0,0.1,19,12
2018-01-01,29.8,13.3,21.2,67.0,37.0,45.0,0.0,0.0,953.4,1012.3,0.5,23,8
2018-02-01,30.2,13.2,21.3,72.0,36.0,48.0,0.0,0.0,954.0,1013.0,0.0,21,7
2018-03-01,28.7,10.2,18.9,80.0,31.0,44.0,1.7,1.7,954.0,1013.5,0.2,22,9
2018-04-01,24.7,8.7,16.0,91.0,40.0,60.0,0.0,0.0,955.7,1016.1,0.3,18,12
2018-05-01,20.7,6.3,12.5,87.0,43.0,64.0,13.0,13.0,957.4,1018.7,0.3,22,9
2018-06-01,16.6,2.8,8.4,92.0,48.0,76.0,45.8,22.5,958.6,1020.9,0.1,18,12
2018-07-01,15.8,3.6,8.4,92.0,54.0,78.0,49.6,35.2,957.8,1020.1,0.4,22,9
2018-08-01,19.0,4.0,10.2,91.0,42.0,65.0,10.5,9.3,958.4,1020.2,0.2,22,9
2018-09-01,20.6,7.0,13.2,86.0,45.0,63.0,27.5,17.1,957.0,1018.0,0.3,19,11
2018-10-01,23.1,8.2,15.0,73.0,39.0,55.0,1.8,1.8,956.8,1017.3,0.4,21,10
2018-11-01,28.4,10.9,19.6,53.0,28.0,41.0,0.4,0.4,955.1,1014.4,0.0,21,9
2018-12-01,29.2,11.7,20.2,63.0,33.0,43.0,1.1,1.1,954.6,1013.8,-0.1,20,11
2019-01-01,30.9,13.0,21.8,56.0,30.0,40.0,0.0,0.0,953.7,1012.5,0.1,23,8
2019-02-01,31.1,13.7,22.1,64.0,34.0,44.0,0.0,0.0,953.1,1011.9,0.0,21,7
2019-03-01,28.3,10.5,18.9,76.0,32.0,43.0,1.4,1.4,954.2,1013.8,0.5,22,9
2019-04-01,23.6,8.5,15.2,90.0,43.0,61.0,0.2,0.1,956.1,1016.6,0.3,20,10
2019-05-01,19.5,5.7,11.5,86.0,44.0,65.0,5.8,3.3,956.6,1018.1,0.6,21,10
2019-06-01,15.8,3.5,8.5,89.0,49.0,74.0,45.9,14.4,958.1,1020.3,0.0,19,11
2019-07-01,16.8,3.1,8.5,93.0,49.0,77.0,13.3,11.9,958.9,1021.2,0.2,23,8
2019-08-01,20.3,4.5,11.3,85.0,37.0,57.0,0.0,0.0,959.0,1020.6,0.2,21,10
2019-09-01,21.0,5.7,12.5,82.0,40.0,56.0,11.7,9.0,956.9,1018.1,0.0,20,10
2019-10-01,23.8,7.9,15.4,64.0,32.0,46.0,3.7,3.6,956.9,1017.3,0.8,22,9
2019-11-01,29.6,10.7,20.0,53.0,27.0,37.0,0.0,0.0,954.6,1013.7,0.1,20,10
2019-12-01,31.5,12.7,22.2,48.0,25.0,33.0,0.0,0.0,953.8,1012.4,0.1,21,10
2020-01-01,31.4,13.9,22.6,58.0,32.0,41.0,0.0,0.0,953.7,1012.4,0.6,22,9
2020-02-01,31.3,12.6,21.7,62.0,29.0,39.0,0.0,0.0,953.7,1012.6,0.4,20,9
2020-03-01,29.3,11.9,20.2,80.0,36.0,48.0,0.0,0.0,954.6,1014.0,0.3,23,8
2020-04-01,25.7,9.1,16.5,86.0,38.0,55.0,2.5,2.5,956.1,1016.4,0.0,21,9
2020-05-01,22.1,6.3,12.8,87.0,41.0,66.0,3.6,3.5,957.1,1018.2,-0.1,20,11
2020-06-01,14.7,3.9,8.3,94.0,59.0,82.0,110.1,31.8,957.9,1020.1,-0.1,21,9
2020-07-01,16.1,4.0,8.7,94.0,55.0,82.0,64.6,42.8,958.8,1021.0,0.1,22,9
2020-08-01,18.2,3.4,9.7,91.0,45.0,70.0,6.9,6.8,958.2,1020.2,0.1,22,9
2020-09-01,22.1,5.9,13.0,88.0,39.0,59.0,0.0,0.0,957.8,1018.9,0.6,22,8
2020-10-01,25.5,7.3,15.7,68.0,33.0,49.0,0.0,0.0,956.3,1016.6,0.7,21,10
2020-11-01,27.4,9.4,18.0,65.0,35.0,47.0,0.0,0.0,955.9,1016.4,-0.1,22,8
2020-12-01,30.2,11.4,20.7,53.0,29.0,39.0,0.0,0.0,954.6,1014.4,0.3,21,10
2021-01-01,30.0,13.0,21.2,60.0,33.0,45.0,40.0,31.4,953.7,1013.5,0.7,21,10
2021-02-01,27.9,12.5,19.5,81.0,45.0,56.0,0.0,0.0,954.0,1014.2,0.2,21,7
2021-03-01,26.9,11.3,18.4,82.0,42.0,55.0,0.0,0.0,954.5,1014.4,0.4,24,7
2021-04-01,24.1,8.2,15.0,91.0,44.0,65.0,0.0,0.0,955.2,1016.6,0.4,20,10
2021-05-01,20.6,5.6,11.8,92.0,45.0,70.0,15.2,14.3,957.7,1020.1,0.3,21,10
2021-06-01,18.0,4.9,10.1,92.0,50.0,78.0,22.2,15.7,958.3,1021.1,0.1,22,8
2021-07-01,19.3,1.3,8.2,92.0,36.0,70.0,0.5,0.3,958.2,1021.3,0.8,21,10
2021-08-01,18.1,4.8,10.1,90.0,48.0,70.0,18.5,15.2,958.3,1021.0,0.4,23,8
2021-09-01,21.2,5.4,12.4,87.0,39.0,58.0,10.6,7.9,958.2,1020.3,1.2,23,7
2021-10-01,25.3,7.8,15.9,65.0,32.0,47.0,6.2,3.8,956.7,1017.7,1.3,20,11
2021-11-01,27.9,9.8,18.5,61.0,31.0,46.0,0.0,0.0,955.7,1016.1,0.5,22,8
2021-12-01,29.8,12.0,20.5,62.0,32.0,45.0,0.0,0.0,954.2,1014.1,0.8,22,9
2022-01-01,29.9,12.5,20.6,63.0,34.0,45.0,0.0,0.0,954.7,1014.6,1.2,22,9
2022-02-01,30.0,12.3,20.5,69.0,31.0,45.0,0.1,0.1,954.6,1014.5,0.3,21,7
2022-03-01,28.5,10.4,18.9,74.0,30.0,42.0,0.0,0.0,954.8,1015.2,1.9,24,7
2022-04-01,24.2,7.7,15.0,88.0,38.0,58.0,28.8,27.4,955.8,1017.2,1.4,18,12
2022-05-01,19.8,5.8,11.5,93.0,45.0,72.0,0.0,0.0,957.3,1019.6,1.2,23,8
2022-06-01,16.2,3.6,8.5,94.0,52.0,80.0,27.5,8.9,958.0,1021.0,0.9,21,9
2022-07-01,15.0,2.7,7.6,96.0,57.0,83.0,69.0,24.0,958.0,1021.3,1.4,22,9
2022-08-01,18.0,4.5,10.0,94.0,51.0,74.0,23.1,11.1,958.6,1021.4,1.2,23,8
2022-09-01,19.9,5.8,11.6,89.0,44.0,67.0,8.1,7.4,958.9,1021.2,0.9,21,9
2022-10-01,24.7,7.8,15.6,71.0,34.0,51.0,0.0,0.0,957.2,1018.3,0.5,19,12
2022-11-01,28.2,11.1,19.0,63.0,35.0,52.0,4.3,4.2,955.1,1015.3,1.0,22,8
2022-12-01,31.2,13.3,22.1,54.0,30.0,39.0,0.1,0.1,954.1,1013.5,0.3,21,10
2023-01-01,30.8,13.5,21.7,61.0,32.0,42.0,0.0,0.0,954.4,1014.1,0.8,23,8
2023-02-01,32.6,13.8,22.8,60.0,27.0,38.0,0.0,0.0,952.9,1012.2,-0.1,21,7
2023-03-01,30.7,12.8,21.1,74.0,30.0,43.0,0.0,0.0,954.2,1014.2,1.1,23,8
2023-04-01,25.0,9.4,16.4,82.0,37.0,56.0,8.6,7.5,955.2,1016.3,0.3,17,13
2023-05-01,20.7,6.3,12.3,94.0,46.0,72.0,5.0,3.1,956.7,1018.8,0.1,23,8
2023-06-01,17.9,5.9,10.9,93.0,55.0,80.0,51.9,22.9,958.1,1020.6,-0.2,19,11
2023-07-01,17.3,5.3,10.3,96.0,53.0,82.0,45.7,17.8,957.6,1020.2,0.4,22,9
2023-08-01,19.0,6.6,11.8,94.0,52.0,72.0,89.8,41.1,957.5,1019.8,0.1,23,8
2023-09-01,18.2,8.1,12.5,88.0,56.0,73.0,76.8,36.8,957.5,1019.7,0.7,19,11
2023-10-01,21.9,7.8,14.1,79.0,43.0,60.0,4.5,2.5,956.7,1018.2,0.4,20,11
2023-11-01,24.3,9.1,16.2,69.0,43.0,55.0,28.4,21.4,955.4,1016.3,0.7,22,8
2023-12-01,28.9,11.4,19.8,63.0,33.0,45.0,0.0,0.0,954.2,1014.3,-0.5,19,12
2024-01-01,31.8,13.8,22.5,63.0,32.0,42.0,0.0,0.0,954.0,1013.5,0.7,23,8
2024-02-01,31.8,14.5,22.7,68.0,34.0,45.0,2.8,2.8,954.0,1013.5,0.6,22,7
2024-03-01,30.2,11.9,20.5,74.0,31.0,43.0,0.0,0.0,954.6,1014.6,0.4,22,9
2024-04-01,23.4,9.4,15.6,83.0,41.0,53.0,0.2,0.2,956.0,1017.4,0.5,20,10
2024-05-01,15.9,3.6,8.6,95.0,53.0,77.0,112.4,48.7,957.8,1020.9,0.3,21,10
2024-06-01,15.2,5.9,9.5,95.0,64.0,87.0,183.1,54.8,957.2,1020.0,-0.1,19,11
2024-07-01,17.4,2.1,8.1,94.0,43.0,75.0,0.0,0.0,958.6,1021.8,0.7,23,8
2024-08-01,16.5,4.2,9.3,93.0,51.0,74.0,80.6,33.3,959.5,1022.5,0.3,21,10
2024-09-01,21.6,6.2,13.1,87.0,39.0,58.0,5.9,4.9,957.6,1018.8,0.1,20,10
2024-10-01,25.2,9.4,16.4,76.0,41.0,59.0,10.0,5.8,956.2,1017.1,1.0,22,9
2024-11-01,27.3,10.1,18.4,60.0,33.0,44.0,0.0,0.0,956.2,1016.6,0.2,20,10
2024-12-01,29.9,11.5,20.4,60.0,30.0,42.0,0.0,0.0,954.6,1014.5,-0.2,21,10
2025-01-01,30.76508610194245,13.316931154220255,21.286460727145947,62.52707472369597,32.76091620258382,43.26814688597304,6.694072802609902,5.549301355011577,954.5451628441501,1014.1651507334408,0.4394757017025089,22,9
2025-02-01,30.7816967807792,13.329915829681235,20.73075318896821,67.95469377093846,32.81168334948165,44.41233531854781,4.264129528426049,7.3079900580863075,954.2127012016234,1014.1736734637219,0.19266913878515407,20,8
2025-03-01,29.1023465230255,11.500108236694759,19.738108742421527,76.28366510810943,33.238507165233834,45.879371457098046,4.6141114960677125,6.85719045342513,954.8637628717463,1015.1055454879794,0.5012067984335276,22,9
2025-04-01,24.20479381387015,8.828461647959703,15.610440239821395,85.29339445712625,39.56215531811036,57.93585144021745,13.34147582833879,6.947128833055899,955.7533265454556,1017.2130575509533,0.3148999824697141,21,9
2025-05-01,19.439654550334353,5.465287260510538,10.977194882536411,91.64761080962879,45.94988047103349,71.05295293260102,22.921036904670302,18.490998505625754,956.9546586803593,1019.828841650508,0.23960747562061208,20,11
2025-06-01,16.619297020126066,4.872628207112554,9.103827287792585,92.53938159653612,51.84921722242937,78.66392651183475,49.782583887659236,19.943501390473713,957.1032610539231,1019.2701184511227,0.0830858717637254,20,10
2025-07-01,17.04569838824,3.235395674486853,8.787000074456772,93.32387779752182,49.84004200074199,77.47101066359303,29.89265820362858,6.909868941381294,957.5557992551826,1020.527627435291,0.3789594683721127,23,8
2025-08-01,18.215980462945076,4.839483957897423,9.937460055085007,91.43224773843599,47.55048150239782,70.00550908278802,33.80265423521073,14.830201487200002,957.9106419595998,1021.0030987753345,0.2600844330201819,21,10
2025-09-01,20.59998614352619,6.495895619370493,12.310480378000667,86.59405106284021,43.892456598057336,62.710467473298934,19.91499090724026,8.075390148911618,957.1005838257007,1018.364756155502,0.3841215073271658,21,9
2025-10-01,24.024022748696236,8.349786761435146,15.294354677048641,73.4601928409472,37.48925042062928,54.2166293463805,11.123050982627973,8.289453938965124,956.2726938186817,1017.1145669132264,0.5053740570833513,22,9
2025-11-01,27.045081570763468,10.088565954652708,17.957509909210966,63.15805002981267,34.0240043558077,47.63224238416327,7.818632204531986,6.909948139683249,955.897311662066,1016.6987967196155,0.2149480956219994,21,9
2025-12-01,29.747487616660255,11.875470709476266,20.17193435977959,60.00062682255144,31.573570448650088,42.676169787444415,6.0439545427449985,6.909948235450138,954.8686498150146,1015.1184443121869,0.03721218356235645,22,9
2026-01-01,30.682695139351356,13.35837466066714,21.583816552029088,62.631946643580314,33.196954421938436,43.478632583659405,7.557419164913358,8.229826892252191,954.7875190515867,1014.8305547514796,0.4315596850858668,22,9
2026-02-01,30.72874802881358,13.335079187914037,21.212535783720167,68.04500866560872,33.146446135152246,44.60020480198198,4.660061993115999,8.648123813267723,954.6457750264293,1014.8701970644614,0.19103784229620585,20,8
2026-03-01,29.0686716760573,11.512066863536521,19.273907795484153,76.28753011206732,33.14959859230959,45.840920721793864,4.732344575486819,8.540902971207814,955.0966065436974,1015.5612492184599,0.4917188517128227,23,8
2026-04-01,24.19768413594987,8.823888193142935,15.352512116080293,85.18786153425869,39.72179932849911,57.70670801595563,12.839996173622858,8.56229444721727,955.8801271080324,1017.1851077287603,0.31015618105201087,23,7
2026-05-01,19.455695117639202,5.614921514086088,11.333055858164487,91.46205260081203,46.56052831477951,71.27726791456644,26.912647605397265,11.30795664961996,956.9120714381096,1019.2013256052054,0.2367809341317606,22,9
2026-06-01,16.6486780098672,4.836517131332361,8.936796513205703,92.34373389487465,52.87648156479842,78.95886796444256,55.15443943059561,11.653428521959919,956.8021742908012,1018.728467276752,0.08424502037383494,23,7
2026-07-01,17.07347385747361,3.341805521446963,8.451487712837897,93.11855631421963,49.126135509934336,77.23764047727069,28.223673025269647,8.553432334361458,957.3993703539127,1019.7315723766229,0.3725844463917888,23,8
2026-08-01,18.238649740610878,4.904835674597243,10.108057143799355,91.25227939008161,47.80691744269732,70.1331838158305,35.57092914969036,10.437251046640032,957.8105364644048,1020.1167352203391,0.25673646315113746,22,9
2026-09-01,20.612058520867887,6.531158103372719,12.313193195645715,86.4782890005873,43.40816161675601,62.44979002594984,19.213476805443364,8.830646788123763,956.9165350786924,1018.0373293596834,0.3776150383960912,23,7
2026-10-01,24.0208260360593,8.283765394294178,15.002658943746374,73.51844079903503,37.836313009635276,54.47293990158954,11.223469703749059,8.881560985348598,956.1593088974407,1017.0678150560474,0.49577999464998357,22,9
2026-11-01,27.028403643814986,10.07900605071477,17.97023488750163,63.35277167257681,33.98102426795244,47.51068163815097,7.689228440869011,8.55345117135403,955.9992658393041,1016.7648173738163,0.21274948436312985,22,8
2026-12-01,29.718746690552795,11.885044646878576,20.233810795873445,60.2371775827463,31.50052892575632,42.728796113658184,6.038329302220072,8.553451194131792,955.0986900773397,1015.5536733036582,0.03953946679645187,24,7
2027-01-01,30.64977979371199,13.344686424507655,21.379943489201345,62.833649235495095,33.215346961275436,43.549652687467095,7.7543596479140815,8.867378936084137,955.0482656867866,1015.3472169513949,0.4238452431290462,22,9
2027-02-01,30.69562754083875,13.321743986924211,21.12738807027849,68.17501666251954,33.1746315644445,44.6659326324999,4.947235303690246,8.96686914846335,954.8918334049885,1015.3644938054471,0.18944808539095895,21,7
2027-03-01,29.042963480021736,11.502991070819368,19.325293734581887,76.30836634280651,33.216939301856854,45.9107338860742,5.030585915158413,8.941367109571644,955.272041736388,1015.8981519354307,0.4824725075209213,24,7
2027-04-01,24.193724563581025,8.82496002711437,15.23094165264754,85.09081291091817,39.7104282915255,57.718184036401254,12.974469717880265,8.946454984677487,955.8629598214527,1017.1277338854335,0.3055331765203354,22,8
2027-05-01,19.472908155538626,5.628265433165367,11.207459474841169,91.28190226418124,46.449462422847276,71.18887755492281,26.5065384738774,9.599499513371192,956.6498175054325,1018.6541264633013,0.23402636812839372,22,9
2027-06-01,16.678424153836637,4.852653636470487,8.948070991171738,92.15190571302254,52.67333365311457,78.82313224016262,54.01497457521603,9.681668585681601,956.6458729445092,1018.3124046520289,0.08537465224616078,23,7
2027-07-01,17.101323328771937,3.3637817578178892,8.385059685488377,92.91646560850971,49.11581571523913,77.13781039566894,28.047024599361748,8.94434716736912,957.0311586101247,1019.0587786480506,0.36637175894779417,22,9
2027-08-01,18.261296802100386,4.9202840375746,9.981085986307685,91.07490757931075,47.718042363825795,70.05609574406976,35.061806787783,9.392405745743329,957.3089208466572,1019.3431742218683,0.253473746499731,23,8
2027-09-01,20.624108513716646,6.539875788885426,12.282400083499011,86.36414882121397,43.425088200913244,62.4357407401492,19.20599506908322,9.010281491753915,956.6938572594138,1017.7865908784511,0.3712742511866367,23,7
2027-10-01,24.017656170643424,8.285274391781568,14.962144212691198,73.57595415070162,37.82359540898417,54.47891612189885,11.368578018166179,9.022391225391729,956.1319583187685,1017.0548795399001,0.4864302368921828,22,9
2027-11-01,27.01180519894527,10.073153177851218,17.860672196840422,63.54492957926561,34.03706748628637,47.575061900153024,7.9287386222250635,8.944351647670786,955.9553307628323,1016.818761135631,0.2106068588781726,23,7
2027-12-01,29.690136091632194,11.871798695034268,20.172586071963604,60.47060161518523,31.580384003170288,42.8118809872577,6.311297146446384,8.944351653088383,955.2743411766598,1015.8991691580569,0.04180748773374568,23,8
2028-01-01,30.617012210770998,13.325469322322592,21.34386398297336,63.03268293283456,33.272206261872746,43.627142844629084,7.977303590847223,9.019018082960109,955.229415931348,1015.7369192182006,0.416327242904029,22,9
2028-02-01,30.662655251593375,13.302613998339101,21.038870059612865,68.30330380811402,33.230930402506516,44.73731049542023,5.232603731314898,9.042681423190368,955.1217921239754,1015.7551147287186,0.18789881029909017,22,7
2028-03-01,29.01737019599518,11.491283596187419,19.248191564829025,76.3289270583947,33.26925820179188,45.97480275648833,5.313468021003404,9.036615867509779,955.4140729056345,1016.1587380227407,0.4734616136540173,23,8
2028-04-01,24.189782721070653,8.82418529775304,15.18787441176221,84.99504989117118,39.71496961225056,57.717716522446366,13.076481226689918,9.037825997800986,955.8922549651973,1017.0981045606652,0.3010278928842762,21,9
2028-05-01,19.490044358908275,5.640542221436595,11.13541479295976,91.10413810343114,46.406084823398494,71.11642711779264,26.312486456024796,9.193149968857435,956.5257090245866,1018.2643371754243,0.2313419448157226,24,7
2028-06-01,16.708037491859958,4.868096621366183,8.866673769218506,91.96261833375536,52.58570104473856,78.70943018549808,53.20224833501377,9.212693546743015,956.4922938627019,1017.9968686545852,0.08647551899943551,22,8
2028-07-01,17.12904845775664,3.385303688942041,8.331719131004682,92.71705161335689,49.040513233725434,77.031958527562,27.805874178600373,9.037324662072391,956.8290029241139,1018.5722446485426,0.360317272328627,22,9
2028-08-01,18.28384274766079,4.935450095788903,9.918448402730442,90.89988506859758,47.66185641970746,69.98955515781986,34.66958717640282,9.143893562968323,957.0661525141053,1018.7923578483593,0.25029411216496833,24,7
2028-09-01,20.636104704879223,6.548428481496539,12.20343589028691,86.25152043391392,43.3955165279663,62.40959776120167,19.16674475608049,9.053006871542634,956.5457741427379,1017.5961363559247,0.3650949267540617,21,9
2028-10-01,24.014500458612904,8.286700087926029,14.90005167472189,73.63270573751521,37.8442593795744,54.49721505532776,11.50818768806067,9.055887122175502,956.0875569572752,1017.0361868856969,0.47731856279826423,23,8
2028-11-01,26.995280864809228,10.06727846180356,17.80131139864017,63.734542349852134,34.083477499455135,47.62989627510755,8.14558727276768,9.037325727693824,955.9660390081074,1016.8584223660483,0.20851879353680425,23,7
2028-12-01,29.661653236647844,11.85857962814834,20.09849233734324,60.70093394036013,31.645421586727693,42.89298800247388,6.564967361079294,9.037325728982378,955.4156548969898,1016.1568664845962,0.04401775543844258,22,9
2029-01-01,30.58439093232867,13.306314537068316,21.27634697976349,63.229080423700054,33.32502592092332,43.70387119195573,8.193762940741124,9.055084834039858,955.3819408310711,1016.0352343904813,0.40900068218846286,24,7
2029-02-01,30.62983018083519,13.2835525243327,20.97892550457684,68.42989178712746,33.28415186565943,44.80800192490763,5.511287022153667,9.060713062761682,955.2908850550974,1016.0471298319623,0.18638898618550226,21,7
2029-03-01,28.99189118381867,11.479618225024693,19.17866072246062,76.34921544677769,33.322522769183685,46.03878936437934,5.590347860502752,9.0592703951432,955.5252853530892,1016.3556678047931,0.46468017456896543,22,9
2029-04-01,24.185858478554433,8.823410344642918,15.118116595458279,84.90055525513982,39.71800079695519,57.71784122672244,13.17756749557268,9.059558219685123,955.8997877128766,1017.0700509811787,0.2966373324809133,22,8
2029-05-01,19.507104050579937,5.652766868385481,11.073245449365087,90.92872843365883,46.356814962665446,71.04360352865136,26.1132759577519,9.096501391130113,956.3970684694758,1017.9569214441591,0.228725878069526,24,7
2029-06-01,16.737518608834435,4.883475353320447,8.800199327748144,91.77583807079645,52.48812819459357,78.5952897140873,52.39375825431555,9.101149751222664,956.3816830014699,1017.7560017629772,0.08754835311305745,21,9
2029-07-01,17.156649796386034,3.4067370305324993,8.261886292852864,92.52027886180502,48.971859056489116,76.92700827626464,27.573412234056523,9.05943897903188,956.6364912718486,1018.1915636890786,0.3544169580842482,23,8
2029-08-01,18.30628802748168,4.950553805337454,9.853946666855393,90.72718073563347,47.60312365953558,69.92287385455455,34.281289033163105,9.084785956383314,956.8178046739245,1018.3578535580474,0.24719544452601055,23,8
2029-09-01,20.64804733406315,6.556946000707402,12.138397249719025,86.14038381256034,43.37049591076117,62.38420100955269,19.129887655402126,9.063168928434763,956.4183398954569,1017.4508680860761,0.3590729535854802,21,9
2029-10-01,24.01135883656963,8.288119813700032,14.831184581849346,73.6887056480717,37.86166089860785,54.51480124319635,11.644739271277036,9.063853984271354,956.0607289386703,1017.0253958083172,0.46843890976933733,24,7
2029-11-01,26.97883031042714,10.061427645217071,17.73512281528591,63.92164369431474,34.13038492331404,47.684888764777,8.358335924652138,9.05943923248558,955.9579179396621,1016.88918712779,0.20648389901116987,22,8
2029-12-01,29.63329755520134,11.84541448543303,20.03369893761586,60.92821550784164,31.711278102482908,42.97372955768219,6.8135094240209675,9.059439232792059,955.5266238064834,1016.3552740564209,0.046171740547704704,22,9
